ts_us,raw_ch0,raw_ch1,filt_ch0,filt_ch1
111272,-512.50,-2047.50,-83.3052,-334.8237
115178,-550.50,-1678.50,-302.0062,-1120.7292
119084,-79.50,1168.50,-418.8960,-1212.3571
122990,258.50,2047.50,-233.6840,30.1832
126896,54.50,-147.50,42.0539,1097.7103
130802,-460.50,-2047.50,63.2316,560.9491
134708,-604.50,-1887.50,-191.7692,-842.1758
138614,-188.50,770.50,-391.3049,-1319.2890
142520,221.50,2047.50,-283.8475,-283.7651
146426,85.50,235.50,-23.7630,865.6587
150332,-414.50,-2047.50,46.5695,609.2846
154238,-622.50,-2047.50,-152.4988,-650.3766
158144,-261.50,397.50,-348.8033,-1249.2096
162050,176.50,2047.50,-287.1281,-433.7306
165956,127.50,586.50,-57.1756,693.0050
169862,-366.50,-2047.50,38.1074,622.7761
173768,-610.50,-2047.50,-114.0226,-491.2748
177674,-317.50,119.50,-297.5132,-1115.2854
181580,148.50,2047.50,-268.2123,-459.1114
185486,144.50,771.50,-71.7239,575.4423
189392,-314.50,-2047.50,29.3871,570.8030
193298,-628.50,-2047.50,-92.7787,-428.8848
197204,-392.50,-162.50,-271.1585,-1023.9146
201110,69.50,2047.50,-276.3671,-470.4101
205016,171.50,1082.50,-109.4502,510.3545
208922,-233.50,-1777.50,14.0331,623.7231
212828,-587.50,-2047.50,-53.3973,-231.4275
216734,-402.50,-484.50,-201.7036,-851.4244
220640,67.50,2047.50,-218.9507,-465.3873
224546,196.50,1381.50,-80.6319,441.9578
228452,-207.50,-1471.50,24.0841,662.8156
232358,-617.50,-2047.50,-49.5050,-56.8494
236264,-431.50,-633.50,-197.8387,-666.1064
240170,32.50,2047.50,-214.2768,-379.7451
244076,167.50,1359.50,-87.2889,404.7468
247982,-170.50,-1539.50,6.4678,529.6348
251888,-447.50,-2047.50,-26.5073,-178.3144
255794,-269.50,-403.50,-82.0301,-618.5522
259700,117.50,2047.50,-39.8424,-178.6183
263606,161.50,1363.50,50.1421,540.6160
267512,-224.50,-1615.50,45.0911,484.5230
271418,-539.50,-2047.50,-76.1945,-291.5774
275324,-377.50,-447.50,-172.1710,-647.9727
279230,41.50,2047.50,-128.3052,-120.2184
283136,115.50,1619.50,-17.1000,619.0761
287042,-260.50,-1477.50,-4.4314,566.2146
290948,-623.50,-2047.50,-124.3940,-215.4688
294854,-512.50,-847.50,-237.2084,-635.2960
298760,-47.50,2047.50,-208.9199,-197.8493
302666,128.50,1982.50,-79.9120,580.3852
306572,-189.50,-1114.50,-14.7710,684.2112
310478,-575.50,-2047.50,-83.7705,-15.7180
314384,-512.50,-1228.50,-177.5270,-531.1553
318290,-67.50,2047.50,-160.5081,-239.0802
322196,199.50,2047.50,-42.0444,505.5378
326102,-111.50,-628.50,33.5948,692.4024
330008,-559.50,-2047.50,-29.9698,106.2780
333914,-569.50,-1498.50,-146.8361,-420.4215
337820,-138.50,1791.50,-165.5673,-261.3127
341726,149.50,2047.50,-73.1578,378.0940
345632,-83.50,-340.50,-0.5984,577.3573
349538,-520.50,-2047.50,-40.4772,83.8152
353444,-576.50,-1791.50,-128.1596,-413.6932
357350,-188.50,1056.50,-140.0775,-392.7972
361256,112.50,2047.50,-64.8687,73.8087
365162,-34.50,11.50,-4.9748,339.4029
369068,-428.50,-2047.50,-25.1297,48.6896
372974,-531.50,-1965.50,-76.1183,-370.9734
376880,-148.50,669.50,-65.0415,-399.2056
380786,208.50,2047.50,23.1229,-9.5315
384692,77.50,395.50,93.6600,277.2696
388598,-357.50,-2047.50,66.6223,68.5550
392504,-558.50,-2047.50,-18.4844,-332.3880
396410,-284.50,289.50,-65.5155,-394.2802
400316,107.50,2047.50,-36.9856,-55.3374
404222,55.50,706.50,10.7781,238.4099
408128,-381.50,-2047.50,-2.0951,68.9091
412034,-634.50,-2047.50,-72.5189,-322.6091
415940,-366.50,-134.50,-114.8020,-390.6341
419846,48.50,2047.50,-78.4827,-88.0175
423752,50.50,998.50,-19.5141,213.4089
427658,-357.50,-2047.50,-21.0964,71.9251
431564,-630.50,-2047.50,-77.6744,-330.0600
435470,-417.50,-457.50,-109.2871,-391.7797
439376,-15.50,2047.50,-77.1942,-81.1639
443282,67.50,1377.50,-27.8029,257.1809
447188,-308.50,-1698.50,-23.9029,195.7374
451094,-635.50,-2047.50,-69.2843,-169.6956
455000,-468.50,-806.50,-101.7337,-290.0347
458906,-50.50,2047.50,-75.0736,-62.3753
462812,86.50,1780.50,-23.7118,296.3804
466718,-213.50,-1326.50,-5.0270,325.7365
470624,-565.50,-2047.50,-25.1256,-12.1707
474530,-485.50,-1121.50,-44.9976,-200.2767
478436,-65.50,2047.50,-29.0590,-38.8937
482342,131.50,2047.50,11.1916,334.7762
486248,-160.50,-877.50,26.9478,423.8306
490154,-541.50,-2047.50,-0.4374,115.1217
494060,-490.50,-1423.50,-26.9964,-124.9076
497966,-79.50,1955.50,-7.1592,-31.3170
501872,151.50,2047.50,38.9784,307.1850
505778,-113.50,-512.50,52.3320,379.8535
509684,-516.50,-2047.50,15.8686,96.8674
513590,-526.50,-1679.50,-21.1040,-123.7532
517496,-161.50,1338.50,-14.6307,-109.0723
521402,128.50,2047.50,18.6133,101.8969
525308,-65.50,-143.50,34.7644,192.2237
529214,-512.50,-2047.50,9.4783,36.8849
533120,-608.50,-1890.50,-34.7428,-124.5782
537026,-237.50,870.50,-46.6337,-140.9000
540932,94.50,2047.50,-16.0583,2.8254
544838,-27.50,239.50,13.9342,103.9140
548744,-444.50,-2047.50,11.2929,12.5711
552650,-587.50,-2044.50,-8.0048,-133.9900
556556,-249.50,491.50,-4.8607,-159.9274
560462,109.50,2047.50,27.8878,-33.4687
564368,22.50,563.50,51.4838,73.5610
568274,-394.50,-2047.50,37.5954,-9.5897
572180,-616.50,-2047.50,3.5935,-155.2660
576086,-306.50,61.50,-8.4883,-157.4058
579992,91.50,2047.50,19.8193,-39.2753
583898,58.50,887.50,51.1654,67.3688
587804,-332.50,-2047.50,47.5011,-17.6025
591710,-613.50,-2047.50,19.7441,-187.6745
595616,-369.50,-278.50,2.7116,-163.9633
599522,48.50,2047.50,17.6134,-13.7170
603428,81.50,1230.50,41.8942,116.5344
607334,-304.50,-1865.50,38.9730,43.3820
611240,-614.50,-2047.50,12.0351,-143.3741
615146,-424.50,-659.50,-3.9192,-138.5357
619052,11.50,2047.50,13.1359,-1.6470
622958,114.50,1636.50,42.9404,170.1391
626864,-223.50,-1466.50,52.4350,172.9647
630770,-575.50,-2047.50,39.1461,4.4849
634676,-456.50,-1007.50,26.0389,-50.2696
638582,-48.50,2047.50,29.7086,31.0394
642488,109.50,2046.50,39.2735,240.1268
646394,-204.50,-1057.50,34.3978,313.3436
650300,-559.50,-2047.50,18.2730,141.3488
654206,-512.50,-1333.50,10.7966,12.9999
658112,-91.50,2047.50,20.8987,54.6982
662018,129.50,2047.50,39.6292,257.8593
665924,-143.50,-653.50,46.0055,298.8526
669830,-527.50,-2047.50,34.2953,125.1251
673736,-512.50,-1608.50,28.1024,12.4849
677642,-132.50,1525.50,40.7657,-0.2753
681548,98.50,2047.50,50.5916,100.1239
685454,-111.50,-301.50,38.4167,132.1665
689360,-526.50,-2047.50,14.9651,43.4194
693266,-585.50,-1839.50,0.0560,-12.5930
697172,-218.50,977.50,3.8239,-48.4863
701078,91.50,2047.50,18.6542,-25.8012
704984,-72.50,80.50,25.4307,9.3208
708890,-512.50,-2047.50,12.7100,-10.1894
712796,-586.50,-2005.50,-0.8964,-35.7664
716702,-209.50,616.50,18.3072,-57.9279
720608,116.50,2047.50,58.0310,-40.7195
724514,15.50,459.50,76.7737,-6.3142
728420,-396.50,-2047.50,69.3944,-26.0576
732326,-574.50,-2047.50,57.3390,-59.3825
736232,-277.50,235.50,55.6456,-53.1706
740138,110.50,2047.50,66.2212,-25.8311
744044,60.50,827.50,76.7103,7.6700
747950,-344.50,-2047.50,74.0283,-28.3476
751856,-600.50,-2047.50,59.6501,-92.5464
755762,-344.50,-181.50,46.8787,-66.2652
759668,69.50,2047.50,49.4998,-19.8475
763574,92.50,1146.50,62.4074,26.7217
767480,-317.50,-1949.50,64.2074,-15.8647
771386,-616.50,-2047.50,47.2887,-107.3563
775292,-399.50,-534.50,31.9042,-64.1953
779198,21.50,2047.50,36.8836,12.1194
783104,87.50,1549.50,48.3772,99.1459
787010,-286.50,-1604.50,44.2980,98.8038
790916,-623.50,-2047.50,26.1673,3.9942
794822,-480.50,-884.50,11.1161,4.4255
798728,-79.50,2047.50,6.4531,50.6273
802634,80.50,1949.50,7.4418,174.5302
806540,-234.50,-1198.50,12.1525,228.5099
810446,-618.50,-2047.50,13.3695,126.1000
814352,-557.50,-1226.50,3.2637,64.0539
818258,-105.50,2047.50,-3.0611,79.0775
822164,103.50,2047.50,9.3786,210.3169
826070,-170.50,-760.50,26.9364,252.7413
829976,-577.50,-2047.50,31.7892,147.9579
833882,-552.50,-1508.50,26.6466,84.1567
837788,-143.50,1843.50,26.1764,85.6007
841694,111.50,2047.50,33.4079,184.5364
845600,-173.50,-369.50,29.8837,191.9929
849506,-575.50,-2047.50,8.1239,99.9236
853412,-592.50,-1748.50,-5.3443,61.5242
857318,-195.50,1232.50,6.8945,21.5736
861224,95.50,2047.50,27.2592,21.3622
865130,-80.50,43.50,36.4251,33.5736
869036,-469.50,-2047.50,40.2634,35.6705
872942,-602.50,-1968.50,45.2470,37.5087
876848,-236.50,747.50,46.2270,-18.8130
880754,96.50,2047.50,46.9976,-61.4462
884660,-34.50,322.50,46.4042,-60.0241
888566,-448.50,-2047.50,41.2117,-51.0359
892472,-622.50,-2047.50,36.1465,-29.7451
896378,-298.50,352.50,34.7385,-28.9263
900284,95.50,2047.50,42.6026,-52.4540
904190,48.50,712.50,58.9946,-50.8650
908096,-367.50,-2047.50,72.4070,-55.4223
912002,-581.50,-2047.50,76.9646,-59.0378
915908,-306.50,-33.50,79.2479,-26.5538
919814,103.50,2047.50,86.0113,-24.2619
923720,83.50,1040.50,90.8506,-21.6704
927626,-303.50,-2047.50,87.0003,-63.5110
931532,-575.50,-2047.50,81.7049,-118.6172
935438,-348.50,-427.50,81.9871,-60.3198
939344,78.50,2047.50,89.0895,-11.2405
943250,115.50,1386.50,94.4242,28.1332
947156,-271.50,-1755.50,85.5709,9.5361
951062,-593.50,-2047.50,67.8159,-50.5211
954968,-413.50,-793.50,57.7098,-9.5680
958874,35.50,2047.50,65.5640,27.2835
962780,151.50,1813.50,82.5658,107.6476
966686,-180.50,-1337.50,92.6168,148.6256
970592,-527.50,-2047.50,95.8036,86.0072
974498,-428.50,-1076.50,97.2147,75.2396
978404,-10.50,2047.50,96.0142,91.5343
982310,190.50,2047.50,96.0378,188.0588
986216,-126.50,-844.50,98.3307,238.2033
990122,-528.50,-2047.50,92.7830,173.3852
994028,-459.50,-1397.50,84.1701,124.9042
997934,-48.50,2047.50,86.4128,125.5767
1001840,163.50,2047.50,89.4080,227.6414
1005746,-79.50,-463.50,83.4421,229.0943
1009652,-494.50,-2047.50,76.6578,132.0289
1013558,-489.50,-1679.50,76.4795,90.9712
1017464,-89.50,1471.50,85.4911,49.1861
1021370,211.50,2047.50,99.3003,58.3381
1025276,25.50,-104.50,113.2273,55.6002
1029182,-404.50,-2047.50,122.7425,38.8868
1033088,-490.50,-1892.50,122.3314,51.9987
1036994,-140.50,927.50,113.7775,3.7331
1040900,176.50,2047.50,100.9991,-47.2340
1044806,45.50,254.50,90.8495,-55.4479
1048712,-381.50,-2047.50,88.8726,-30.4511
1052618,-544.50,-2047.50,86.9857,2.5658
1056524,-207.50,534.50,80.2662,-19.4980
1060430,154.50,2047.50,75.8162,-62.8530
1064336,64.50,629.50,73.5755,-68.3650
1068242,-370.50,-2047.50,67.1294,-53.2767
1072148,-586.50,-2047.50,54.8062,-31.4844
1076054,-269.50,126.50,46.9049,-12.2794
1079960,132.50,2047.50,54.3019,-37.6984
1083866,128.50,976.50,70.2546,-50.0041
1087772,-241.50,-2047.50,89.6985,-67.2872
1091678,-513.50,-2047.50,108.1992,-87.2730
1095584,-290.50,-214.50,111.3761,-27.2451
1099490,118.50,2047.50,100.3844,3.8896
1103396,151.50,1359.50,87.5479,19.3242
1107302,-245.50,-1775.50,75.6273,11.6418
1111208,-562.50,-2047.50,62.5728,-20.6867
1115114,-383.50,-608.50,50.1709,18.8382
1119020,30.50,2047.50,41.2711,32.4032
1122926,118.50,1729.50,32.3823,74.0577
1126832,-246.50,-1432.50,19.9011,100.9422
1130738,-586.50,-2047.50,8.5952,60.0469
1134644,-448.50,-969.50,6.6305,64.7520
1138550,-15.50,2047.50,14.8060,64.9712
1142456,151.50,2047.50,25.1989,143.1528
1146362,-204.50,-1004.50,24.6074,203.1037
1150268,-602.50,-2047.50,5.6085,150.2133
1154174,-512.50,-1296.50,-13.7668,109.1107
1158080,-58.50,2047.50,-8.9977,98.7055
1161986,149.50,2047.50,11.6140,179.6027
1165892,-128.50,-600.50,22.7664,190.2816
1169798,-536.50,-2047.50,20.1684,115.4648
1173704,-538.50,-1589.50,13.4397,88.7581
1177610,-120.50,1659.50,10.3792,61.3092
1181516,154.50,2047.50,14.2806,85.8518
1185422,-63.50,-229.50,21.0557,75.2123
1189328,-476.50,-2047.50,27.3043,40.7238
1193234,-531.50,-1809.50,33.6288,54.0952
1197140,-156.50,1143.50,38.0380,19.7925
1201046,175.50,2047.50,40.4923,-16.2768
1204952,10.50,173.50,44.6699,-32.0162
1208858,-418.50,-2047.50,48.8009,-15.0836
1212764,-559.50,-1991.50,47.0701,19.2627
1216670,-224.50,727.50,37.2220,-7.2276
1220576,119.50,2047.50,23.1738,-53.6873
1224482,15.50,511.50,11.5249,-75.0907
1228388,-384.50,-2047.50,10.9245,-65.8029
1232294,-581.50,-2047.50,19.9291,-34.3069
1236200,-255.50,237.50,28.2855,-31.0927
1240106,144.50,2047.50,37.6677,-78.8733
1244012,87.50,855.50,45.9436,-98.3159
1247918,-338.50,-2047.50,43.7543,-96.4494
1251824,-564.50,-2047.50,36.9629,-86.2483
1255730,-302.50,-124.50,36.5542,-36.0455
1259636,101.50,2047.50,39.7587,-37.4136
1263542,106.50,1206.50,37.3015,-44.8194
1267448,-276.50,-1921.50,31.4733,-64.7432
1271354,-559.50,-2047.50,31.6145,-91.3278
1275264,-373.50,-489.50,33.2253,-29.6063
1279170,45.50,2047.50,27.4856,-2.3232
1283076,121.50,1581.50,18.1336,24.2705
1286982,-270.50,-1580.50,7.5082,31.1157
1290888,-591.50,-2047.50,-3.4622,-3.4919
1294794,-431.50,-875.50,-5.7377,23.2261
1298700,-4.50,2047.50,0.9417,27.3317
1302606,139.50,2006.50,6.8948,100.5296
1306512,-197.50,-1188.50,8.4620,164.7517
1310418,-571.50,-2047.50,5.9554,112.7255
1314324,-484.50,-1190.50,1.2060,80.1957
1318230,-52.50,2047.50,-0.8750,70.6561
1322136,142.50,2047.50,0.5055,144.3429
1326042,-141.50,-749.50,2.3411,168.4355
1329948,-536.50,-2047.50,4.5594,106.2600
1333854,-488.50,-1492.50,10.5481,84.3362
1337760,-74.50,1906.50,21.4342,83.0525
1341666,181.50,2047.50,30.8610,147.5907
1345572,-81.50,-356.50,31.1575,131.8140
1349478,-484.50,-2047.50,24.6273,60.7683
1353384,-523.50,-1741.50,21.2654,54.7104
1357290,-126.50,1309.50,23.3268,17.1620
1361196,162.50,2047.50,24.9316,-8.3848
1365102,-28.50,43.50,21.8835,-23.1813
1369008,-456.50,-2047.50,16.6132,-11.7302
1372914,-559.50,-1945.50,12.8016,24.0239
1376820,-188.50,853.50,12.1421,-12.5904
1380726,157.50,2047.50,16.0705,-68.7227
1384632,45.50,399.50,24.0975,-89.9566
1388538,-399.50,-2047.50,31.2286,-67.1371
1392444,-591.50,-2047.50,25.6582,-25.8355
1396350,-276.50,395.50,6.7808,-36.6392
1400256,127.50,2047.50,-5.5381,-92.9171
1404162,53.50,742.50,-2.0579,-114.9658
1408068,-373.50,-2047.50,3.6532,-103.1528
1411974,-600.50,-2047.50,2.3947,-75.5927
1415880,-335.50,-12.50,-4.4463,-39.8163
1419786,51.50,2047.50,-15.8810,-65.9781
1423692,61.50,1072.50,-26.3403,-87.2192
1427598,-335.50,-2041.50,-26.5693,-113.1786
1431504,-607.50,-2047.50,-18.9417,-136.3704
1435410,-386.50,-362.50,-13.4560,-63.7692
1439316,16.50,2047.50,-15.9197,-28.4621
1443222,74.50,1445.50,-25.3928,-12.8555
1447128,-286.50,-1679.50,-30.6906,-14.3080
1451034,-611.50,-2047.50,-26.7026,-35.4949
1454940,-428.50,-736.50,-19.8199,9.4060
1458846,-0.50,2047.50,-12.6582,15.6752
1462752,105.50,1875.50,-10.4074,65.3226
1466658,-236.50,-1304.50,-15.4895,113.1407
1470564,-592.50,-2047.50,-19.8643,76.4919
1474470,-464.50,-1076.50,-16.9001,66.1987
1478376,-30.50,2047.50,-6.3497,54.5141
1482282,159.50,2047.50,5.8258,120.6750
1486188,-149.50,-849.50,13.7472,166.1303
1490094,-554.50,-2047.50,12.9871,123.7191
1494000,-512.50,-1404.50,3.8774,94.9113
1497906,-63.50,2047.50,0.0458,87.5633
1501812,186.50,2047.50,11.5226,167.0874
1505718,-63.50,-463.50,29.2555,162.5852
1509624,-482.50,-2047.50,40.2324,84.2961
1513530,-517.50,-1648.50,38.6153,68.2751
1517436,-111.50,1575.50,29.4414,47.5438
1521342,153.50,2047.50,19.8113,59.5142
1525248,-44.50,-78.50,10.7335,36.5920
1529154,-468.50,-2047.50,6.8097,11.1113
1533060,-530.50,-1876.50,11.9603,31.1354
1536966,-175.50,989.50,19.6973,-12.6371
1540872,157.50,2047.50,20.6240,-70.2393
1544778,36.50,294.50,21.3664,-89.6049
1548684,-408.50,-2047.50,27.9318,-58.0632
1552590,-588.50,-2045.50,24.6291,-15.3774
1556496,-264.50,567.50,5.1229,-42.0895
1560402,107.50,2047.50,-13.7159,-99.6585
1564308,20.50,638.50,-20.9133,-118.3995
1568214,-417.50,-2047.50,-22.8831,-98.2412
1572120,-623.50,-2047.50,-26.7388,-61.2941
1576026,-322.50,150.50,-29.0698,-37.6741
1579932,91.50,2047.50,-23.5999,-73.8291
1583838,83.50,959.50,-10.9750,-103.4357
1587744,-336.50,-2047.50,0.6527,-123.1922
1591650,-605.50,-2047.50,2.5778,-126.6414
1595556,-346.50,-220.50,-0.5030,-58.5904
1599462,62.50,2047.50,-0.1479,-40.2284
1603368,89.50,1329.50,-2.5152,-41.9567
1607274,-303.50,-1800.50,-11.0004,-54.6598
1611180,-604.50,-2047.50,-17.1391,-73.9863
1615086,-430.50,-600.50,-19.0476,-17.5097
1618992,17.50,2047.50,-18.8310,-3.4547
1622898,109.50,1755.50,-16.4824,32.5855
1626804,-248.50,-1440.50,-16.0154,66.0015
1630710,-581.50,-2047.50,-14.9460,34.9182
1634616,-463.50,-960.50,-10.5477,41.7238
1638522,10.50,2047.50,-1.9355,33.3992
1642428,179.50,2047.50,14.6494,98.6804
1646334,-121.50,-979.50,33.1463,162.3171
1650240,-512.50,-2047.50,45.3557,128.7511
1654146,-473.50,-1306.50,44.0001,92.8244
1658052,-49.50,2047.50,30.2592,66.6135
1661958,135.50,2047.50,11.7918,132.7246
1665864,-127.50,-591.50,-6.3970,145.8908
1669770,-524.50,-2047.50,-12.8901,86.5498
1673676,-512.50,-1580.50,-4.9469,70.6098
1677582,-100.50,1765.50,7.2033,56.2737
1681488,175.50,2047.50,15.7735,94.1517
1685394,-81.50,-239.50,13.4234,69.3885
1689300,-512.50,-2047.50,-1.8083,14.5300
1693206,-567.50,-1811.50,-16.1601,24.9207
1697112,-176.50,1143.50,-17.9908,-12.3904
1701018,143.50,2047.50,-11.9694,-57.0740
1704924,-16.50,166.50,-5.5787,-75.5303
1708830,-419.50,-2047.50,4.1609,-49.8162
1712736,-540.50,-2008.50,19.5699,-7.1086
1716642,-228.50,686.50,25.3598,-45.0380
1720548,110.50,2047.50,10.1246,-111.1504
1724454,-26.50,474.50,-16.8685,-136.5817
1728360,-428.50,-2047.50,-36.8123,-116.2958
1732266,-616.50,-2047.50,-38.5628,-66.3392
1736172,-318.50,203.50,-33.6826,-58.6952
1740078,75.50,2047.50,-32.8380,-120.6583
1743984,21.50,827.50,-33.8483,-148.2234
1747890,-418.50,-2047.50,-39.9984,-140.0027
1751796,-637.50,-2047.50,-48.6107,-114.6340
1755702,-357.50,-148.50,-45.6807,-59.3278
1759608,53.50,2047.50,-31.8725,-71.2494
1763514,78.50,1185.50,-19.9958,-86.1662
1767420,-322.50,-1956.50,-14.0528,-107.7612
1771326,-610.50,-2047.50,-12.6758,-130.6941
1775232,-404.50,-489.50,-13.8243,-58.7521
1779138,26.50,2047.50,-14.1061,-26.5580
1783044,115.50,1616.50,-10.8428,4.5122
1786950,-255.50,-1579.50,-5.1603,23.3631
1790856,-586.50,-2047.50,-1.0757,-6.1861
1794762,-431.50,-857.50,1.2010,16.9420
1798668,-0.50,2047.50,3.6811,15.3274
1802574,146.50,2032.50,6.2685,84.5785
1806480,-170.50,-1183.50,11.6911,153.5532
1810386,-530.50,-2047.50,22.1889,106.8300
1814292,-432.50,-1199.50,33.9574,69.9753
1818198,20.50,2047.50,46.9225,49.9313
1822104,193.50,2047.50,56.8406,116.8412
1826010,-111.50,-722.50,52.1212,147.8049
1829916,-537.50,-2047.50,33.5188,100.4192
1833822,-524.50,-1496.50,10.3742,81.4751
1837728,-110.50,1872.50,-7.4091,64.4340
1841634,127.50,2047.50,-17.0581,111.2610
1845540,-106.50,-367.50,-22.1639,94.6676
1849446,-530.50,-2047.50,-23.0327,34.9867
1853352,-565.50,-1741.50,-21.9570,39.4906
1857258,-175.50,1305.50,-21.2661,4.4808
1861164,114.50,2047.50,-23.2245,-25.7982
1865070,-72.50,44.50,-28.4188,-42.8621
1868976,-489.50,-2047.50,-29.9982,-27.5330
1872882,-587.50,-1974.50,-24.7165,8.2769
1876788,-201.50,802.50,-14.3549,-43.6014
1880694,102.50,2047.50,-7.6918,-114.2819
1884600,-4.50,355.50,-11.3346,-134.7595
1888506,-406.50,-2047.50,-8.7486,-104.7195
1892412,-615.50,-2047.50,-1.3860,-49.4022
1896318,-312.50,366.50,-12.4645,-51.5609
1900224,107.50,2047.50,-27.0008,-113.0909
1904130,53.50,721.50,-19.2961,-139.5475
1908036,-373.50,-2047.50,-1.6218,-126.1187
1911942,-595.50,-2047.50,6.5862,-90.9497
1915848,-322.50,-21.50,5.5515,-49.0347
1919754,87.50,2047.50,2.9984,-76.5610
1923660,80.50,1088.50,2.1210,-96.8190
1927566,-312.50,-2001.50,3.3680,-110.3859
1931472,-573.50,-2047.50,9.5982,-121.4476
1935378,-349.50,-381.50,18.6731,-56.6526
1939284,71.50,2047.50,24.0647,-38.7607
1943190,134.50,1463.50,24.8860,-26.2709
1947096,-266.50,-1685.50,20.9079,-21.0575
1951002,-572.50,-2047.50,13.8477,-40.5493
1954908,-396.50,-744.50,12.7352,2.4090
1958814,30.50,2047.50,17.8397,6.9823
1962720,144.50,1875.50,19.6364,55.7193
1966626,-213.50,-1301.50,14.3142,104.1719
1970532,-579.50,-2047.50,4.6056,69.7516
1974438,-486.50,-1112.50,-6.7831,56.1834
1978344,-36.50,2047.50,-13.8540,36.3735
1982250,163.50,2047.50,-7.8404,103.2399
1986156,-142.50,-909.50,6.4650,145.3557
1990062,-521.50,-2047.50,17.9454,92.1850
1993968,-473.50,-1441.50,25.1688,64.6971
1997874,-51.50,1962.50,29.5739,51.0366
2001780,173.50,2047.50,29.2274,117.7942
2005686,-111.50,-515.50,19.6357,118.1403
2009592,-512.50,-2047.50,5.6433,51.3281
2013498,-526.50,-1696.50,0.2616,43.6343
2017404,-124.50,1358.50,3.6799,-8.0852
2021310,161.50,2047.50,7.5172,-42.2430
2025216,-47.50,-112.50,8.2872,-47.1058
2029122,-463.50,-2047.50,8.6826,-24.4890
2033028,-557.50,-1896.50,9.5364,22.3552
2036934,-171.50,943.50,9.2785,-17.2131
2040840,161.50,2047.50,11.3357,-80.6200
2044746,19.50,258.50,16.2703,-102.8643
2048652,-410.50,-2047.50,21.2128,-74.3967
2052558,-559.50,-2047.50,23.2832,-26.0259
2056464,-238.50,511.50,18.6506,-47.2563
2060370,123.50,2047.50,8.2465,-108.9622
2064276,37.50,609.50,-1.0251,-129.2276
2068182,-399.50,-2047.50,-6.1395,-109.4224
2072088,-600.50,-2047.50,-9.9007,-67.6589
2075994,-303.50,133.50,-11.6192,-34.3705
2079900,83.50,2047.50,-11.8533,-65.3680
2083806,49.50,944.50,-15.8079,-96.0331
2087712,-347.50,-2047.50,-19.8470,-122.1433
2091618,-598.50,-2047.50,-16.4796,-127.5509
2095524,-367.50,-260.50,-11.7265,-59.2027
2099430,48.50,2047.50,-13.1715,-42.6850
2103336,85.50,1309.50,-17.3507,-43.2654
2107242,-312.50,-1805.50,-21.1254,-57.2673
2111148,-628.50,-2047.50,-27.0452,-76.9440
2115054,-431.50,-665.50,-33.2712,-23.2894
2118960,-0.50,2047.50,-33.6753,-15.9364
2122866,107.50,1705.50,-28.7746,19.2384
2126772,-268.50,-1439.50,-25.7551,51.5486
2130678,-619.50,-2047.50,-29.9096,25.9925
2134584,-493.50,-1024.50,-37.4769,36.8552
2138490,-50.50,2047.50,-40.2928,24.0204
2142396,112.50,2047.50,-36.3703,97.0905
2146302,-204.50,-1061.50,-30.2420,158.1178
2150208,-562.50,-2047.50,-21.8525,104.8560
2154114,-478.50,-1348.50,-7.4294,68.4769
2158020,-66.50,2047.50,5.8798,57.7042
2161926,146.50,2047.50,7.8131,139.8617
2165832,-122.50,-655.50,3.4030,151.0707
2169738,-552.50,-2047.50,-1.9255,74.1621
2173644,-562.50,-1629.50,-13.1554,53.7222
2177550,-154.50,1504.50,-26.5740,4.0887
2181456,112.50,2047.50,-33.9977,-9.3339
2185362,-118.50,-268.50,-37.1310,-10.4774
2189268,-533.50,-2047.50,-38.1998,-7.2794
2193174,-591.50,-1830.50,-35.7121,32.9003
2197080,-185.50,1040.50,-27.9048,-8.7462
2200986,131.50,2047.50,-15.9243,-72.1006
2204892,-44.50,144.50,-8.3625,-88.0407
2208798,-468.50,-2047.50,-7.7928,-51.0829
2212704,-582.50,-2024.50,-6.3712,-1.5607
2216610,-240.50,611.50,-3.2310,-41.3645
2220516,122.50,2047.50,-2.1073,-114.0846
2224422,31.50,477.50,1.6430,-131.5965
2228328,-393.50,-2047.50,11.3171,-101.4533
2232234,-594.50,-2047.50,17.1380,-49.4414
2236140,-274.50,226.50,14.4541,-31.3426
2240046,115.50,2047.50,12.4968,-78.0266
2243952,64.50,864.50,13.2199,-101.2509
2247858,-367.50,-2047.50,10.3232,-100.5954
2251764,-612.50,-2047.50,2.5682,-88.7231
2255670,-326.50,-122.50,-1.2131,-34.1272
2259576,86.50,2047.50,5.4448,-33.0248
2263482,117.50,1200.50,16.0374,-45.4104
2267388,-284.50,-1871.50,24.5915,-64.3223
2271294,-584.50,-2047.50,27.0615,-77.9938
2275200,-351.50,-512.50,26.6761,-16.4261
2279106,49.50,2047.50,27.5200,-2.8224
2283012,137.50,1628.50,23.9802,24.5842
2286918,-233.50,-1503.50,19.9619,55.0135
2290824,-553.50,-2047.50,22.5587,38.4609
2294730,-412.50,-840.50,27.7056,60.0412
2298636,15.50,2047.50,27.9684,53.3437
2302542,146.50,2047.50,21.8083,119.1711
2306448,-181.50,-1091.50,15.2156,192.8864
2310354,-559.50,-2047.50,12.4290,155.9410
2314264,-481.50,-1197.50,8.9519,110.8568
2318170,-62.50,2047.50,1.1549,78.7556
2322076,145.50,2047.50,-5.8464,141.3009
2325982,-154.50,-716.50,-8.1763,163.7084
2329888,-552.50,-2047.50,-8.9749,106.4035
2333794,-514.50,-1509.50,-7.7476,85.0928
2337700,-103.50,1795.50,-3.0495,62.9623
2341606,161.50,2047.50,1.9147,99.5496
2345512,-75.50,-366.50,7.4261,85.4117
2349418,-512.50,-2047.50,10.0319,33.9528
2353324,-533.50,-1756.50,8.1114,42.6529
2357230,-147.50,1173.50,8.2006,-5.6955
2361136,139.50,2047.50,6.5609,-58.7415
2365042,-42.50,13.50,0.1420,-73.5836
2368948,-465.50,-2047.50,-2.3842,-45.4087
2372854,-560.50,-1948.50,1.9740,7.6905
2376760,-176.50,746.50,11.6578,-26.0694
2380666,166.50,2047.50,23.9406,-97.5354
2384572,47.50,371.50,33.1956,-121.2399
2388478,-380.50,-2047.50,39.1950,-92.2560
2392384,-547.50,-2047.50,42.2095,-40.7793
2396290,-232.50,353.50,39.5129,-39.1764
2400196,162.50,2047.50,35.8822,-91.9353
2404102,107.50,773.50,39.8723,-108.7796
2408008,-325.50,-2047.50,47.5860,-92.8404
2411914,-569.50,-2047.50,45.6858,-69.7301
2415820,-288.50,10.50,33.7942,-28.7837
2419726,115.50,2047.50,24.1529,-40.6762
2423632,145.50,1140.50,26.1399,-53.1556
2427538,-253.50,-1963.50,40.6991,-67.3730
2431444,-558.50,-2047.50,51.0193,-86.4435
2435350,-333.50,-381.50,44.4084,-32.6137
2439256,91.50,2047.50,33.3427,-16.6984
2443162,162.50,1487.50,29.7014,-1.9349
2447068,-232.50,-1647.50,30.1377,4.3828
2450974,-545.50,-2047.50,29.3803,-17.1933
2454880,-397.50,-783.50,26.2516,15.2596
2458786,9.50,2047.50,15.3909,11.2571
2462692,130.50,1836.50,-2.5300,56.0062
2466598,-230.50,-1308.50,-18.0424,92.4451
2470504,-606.50,-2047.50,-30.2313,52.3314
2474410,-484.50,-1132.50,-37.8867,49.3136
2478316,-44.50,2047.50,-34.7935,44.1697
2482222,161.50,2047.50,-22.2084,120.2660
2486128,-137.50,-857.50,-6.2949,166.6242
2490034,-556.50,-2047.50,1.3972,115.6079
2493940,-512.50,-1450.50,-4.9346,83.0425
2497846,-56.50,1934.50,-8.1228,61.2561
2501752,193.50,2047.50,4.2386,123.1015
2505658,-62.50,-447.50,20.0772,130.7614
2509564,-469.50,-2047.50,29.8438,76.8174
2513470,-489.50,-1683.50,35.7929,69.1694
2517376,-86.50,1380.50,38.8997,19.7931
2521282,207.50,2047.50,39.2618,-8.8237
2525188,37.50,-109.50,44.2423,-25.4097
2529094,-393.50,-2047.50,57.9207,-22.3044
2533000,-488.50,-1892.50,67.9571,19.1093
2536906,-154.50,896.50,60.5115,-16.8891
2540812,192.50,2047.50,40.9804,-81.3474
2544718,47.50,250.50,27.9122,-105.9556
2548624,-400.50,-2047.50,23.5184,-80.9549
2552530,-561.50,-2047.50,17.1105,-31.7663
2556436,-216.50,447.50,10.0877,-51.6252
2560342,153.50,2047.50,8.2198,-117.6533
2564248,65.50,615.50,7.5567,-134.4478
2568154,-361.50,-2047.50,5.0678,-109.7303
2572060,-580.50,-2047.50,1.9440,-67.7451
2575966,-290.50,58.50,-2.4659,-39.5794
2579872,101.50,2047.50,-8.0266,-78.7882
2583778,96.50,981.50,-11.7789,-98.8535
2587684,-328.50,-2047.50,-11.7464,-109.2935
2591590,-604.50,-2047.50,-14.1307,-116.6378
2595496,-352.50,-286.50,-19.3008,-53.7963
2599402,85.50,2047.50,-17.0836,-36.1576
2603308,144.50,1339.50,-5.8022,-29.9435
2607214,-272.50,-1742.50,2.2932,-31.8499
2611120,-612.50,-2047.50,-6.3217,-44.2998
2615026,-412.50,-650.50,-23.1891,6.4871
2618932,31.50,2047.50,-28.2458,11.6814
2622838,144.50,1749.50,-21.5745,47.7614
2626744,-205.50,-1392.50,-12.6163,81.9672
2630650,-537.50,-2047.50,-0.8512,52.8733
2634556,-400.50,-997.50,15.2884,58.8462
2638462,43.50,2047.50,30.5069,50.5311
2642368,201.50,2047.50,37.1135,120.6618
2646274,-140.50,-958.50,30.5559,180.4780
2650180,-554.50,-2047.50,12.3443,138.0280
2654086,-512.50,-1366.50,-11.3380,94.3759
2657992,-122.50,2047.50,-37.5264,68.0648
2661898,109.50,2047.50,-62.0691,146.3669
2665804,-153.50,-556.50,-72.5389,166.7525
2669710,-512.50,-2047.50,-58.7065,103.9637
2673616,-559.50,-1660.50,-35.5657,73.7315
2677522,-200.50,1351.50,-39.0276,-18.5233
2681428,98.50,2047.50,-65.7804,-70.7298
2685334,-95.50,-252.50,-76.8458,-62.3330
2689240,-525.50,-2047.50,-65.7898,-28.3290
2693146,-588.50,-1896.50,-52.4670,18.5558
2697052,-207.50,869.50,-44.6761,-52.0005
2700958,118.50,2047.50,-41.0303,-144.0369
2704864,-66.50,82.50,-44.3040,-152.5837
2708770,-512.50,-2047.50,-56.8048,-101.2732
2712676,-606.50,-2045.50,-64.1444,-34.6540
2716582,-272.50,490.50,-56.0904,-63.9545
2720488,93.50,2047.50,-46.7121,-142.5806
2724394,-2.50,432.50,-43.2733,-160.6361
2728300,-401.50,-2047.50,-35.8112,-132.8913
2732206,-591.50,-2047.50,-20.7957,-73.7632
2736112,-292.50,91.50,-9.2936,-49.3575
2740018,95.50,2047.50,-8.1675,-105.3046
2743924,39.50,784.50,-15.3855,-134.4858
2747830,-365.50,-2047.50,-24.3082,-142.7799
2751736,-594.50,-2047.50,-23.5898,-123.4305
2755642,-332.50,-271.50,-12.5057,-58.6632
2759548,82.50,2047.50,-1.1854,-64.6996
2763454,91.50,1165.50,1.4819,-70.0101
2767360,-303.50,-1912.50,-4.3540,-88.8203
2771266,-595.50,-2047.50,-9.8050,-110.0772
2775172,-385.50,-586.50,-9.2488,-38.0700
2779078,57.50,2047.50,-1.9201,-7.8814
2782984,144.50,1583.50,8.5136,27.3680
2786890,-223.50,-1524.50,15.0794,43.2400
2790796,-558.50,-2047.50,16.7356,14.0250
2794702,-401.50,-930.50,18.9497,39.4781
2798608,16.50,2047.50,22.0675,41.0889
2802514,155.50,2037.50,19.1242,122.7117
2806420,-184.50,-1135.50,10.0400,193.8920
2810326,-563.50,-2047.50,0.4566,138.0766
2814232,-462.50,-1264.50,-3.3354,90.7488
2818138,-36.50,2047.50,1.4578,72.2443
2822044,171.50,2047.50,7.9254,154.1346
2825950,-129.50,-706.50,9.0512,182.9825
2829856,-549.50,-2047.50,1.5179,117.3545
2833762,-543.50,-1550.50,-13.4949,89.2651
2837668,-128.50,1584.50,-27.4676,36.2356
2841574,144.50,2047.50,-31.2937,32.0903
2845480,-92.50,-373.50,-25.1743,30.3213
2849386,-520.50,-2047.50,-18.9833,16.3618
2853292,-578.50,-1803.50,-20.6847,42.1927
2857198,-192.50,1022.50,-28.8651,-19.2228
2861104,126.50,2047.50,-34.7522,-93.9956
2865010,-57.50,-8.50,-33.5646,-101.9482
2868916,-485.50,-2047.50,-29.3454,-59.3819
2872822,-603.50,-1999.50,-27.2430,-1.0323
2876728,-242.50,613.50,-28.6331,-43.1853
2880634,125.50,2047.50,-27.5209,-124.5854
2884540,9.50,351.50,-19.3056,-137.0894
2888446,-428.50,-2047.50,-10.6471,-98.7599
2892352,-616.50,-2047.50,-10.7775,-40.0992
2896258,-286.50,237.50,-17.2331,-33.7990
2900164,109.50,2047.50,-18.1720,-93.0836
2904070,45.50,721.50,-12.8137,-114.4776
2907976,-405.50,-2047.50,-13.5200,-107.8053
2911882,-652.50,-2047.50,-26.7717,-82.0133
2915788,-370.50,-136.50,-42.1716,-35.8021
2919694,39.50,2047.50,-47.8668,-55.5152
2923600,42.50,1039.50,-46.9643,-73.1825
2927506,-362.50,-2042.50,-44.9463,-112.8794
2931412,-648.50,-2047.50,-42.9211,-145.5689
2935318,-416.50,-521.50,-40.6174,-71.2582
2939224,19.50,2047.50,-35.3118,-35.7715
2943130,93.50,1415.50,-27.7111,-7.5202
2947036,-285.50,-1678.50,-20.8747,-9.4255
2950942,-569.50,-2047.50,-8.9895,-38.6956
2954848,-399.50,-848.50,12.2596,10.1603
2958754,-29.50,2047.50,19.6098,26.5786
2962660,100.50,1873.50,-1.6572,94.1315
2966566,-219.50,-1263.50,-21.0152,146.3548
2970472,-586.50,-2047.50,-18.5681,101.7471
2974378,-479.50,-1182.50,-8.9658,81.0423
2978284,-54.50,2047.50,-3.8875,67.0943
2982190,142.50,2047.50,-2.6327,150.0925
2986096,-162.50,-808.50,-1.4463,202.1995
2990002,-576.50,-2047.50,-3.6148,150.3233
2993908,-532.50,-1481.50,-11.0491,111.7255
2997814,-111.50,1840.50,-15.6329,74.3841
3001720,143.50,2047.50,-13.1261,120.5552
3005626,-88.50,-436.50,-3.1594,130.1004
3009532,-532.50,-2047.50,6.5140,85.2874
3013438,-569.50,-1701.50,2.6687,84.5340
3017344,-160.50,1296.50,-7.6970,35.8949
3021250,129.50,2047.50,-11.8168,0.1136
3025156,-53.50,-58.50,-9.3125,-9.7694
3029062,-480.50,-2047.50,-1.7672,5.7244
3032968,-559.50,-1913.50,7.8467,44.9526
3036874,-187.50,804.50,16.3600,-3.7217
3040780,133.50,2047.50,18.5391,-78.7086
3044686,-14.50,330.50,10.9479,-88.0944
3048592,-450.50,-2047.50,0.6409,-41.5262
3052498,-596.50,-2047.50,-4.2387,5.1115
3056404,-251.50,405.50,-1.1138,-21.8428
3060310,143.50,2047.50,10.0569,-88.2172
3064216,63.50,680.50,24.1035,-99.0529
3068122,-372.50,-2047.50,31.3132,-72.4282
3072028,-593.50,-2047.50,27.8334,-41.3978
3075934,-291.50,-40.50,21.4869,-27.8213
3079840,117.50,2047.50,21.9124,-76.7677
3083746,96.50,971.50,26.2930,-95.3449
3087652,-303.50,-2047.50,30.1523,-107.9735
3091558,-574.50,-2047.50,34.1700,-117.2186
3095464,-333.50,-393.50,35.8200,-52.5944
3099370,91.50,2047.50,35.5278,-36.8113
3103276,142.50,1299.50,36.0988,-29.4051
3107182,-242.50,-1765.50,38.4088,-43.0922
3111088,-556.50,-2047.50,41.4463,-64.0936
3114994,-399.50,-762.50,38.5125,-6.7486
3118900,16.50,2047.50,24.6180,5.1994
3122806,134.50,1697.50,8.7278,47.9822
3126712,-212.50,-1384.50,4.0079,76.1741
3130618,-580.50,-2047.50,6.9578,44.9913
3134524,-468.50,-1102.50,5.0907,55.4128
3138430,-38.50,2047.50,-2.1123,48.3924
3142336,129.50,2047.50,-8.7919,132.9515
3146242,-175.50,-948.50,-11.0064,200.2822
3150148,-591.50,-2047.50,-12.3674,150.6721
3154054,-482.50,-1423.50,-11.5151,102.8924
3157960,-14.50,2047.50,8.9040,82.5109
3161866,190.50,2047.50,38.3286,173.5106
3165772,-154.50,-522.50,36.5499,196.2262
3169678,-611.50,-2047.50,-6.0311,126.1511
3173584,-586.50,-1673.50,-50.1624,93.9668
3177490,-175.50,1471.50,-62.4642,31.8336
3181396,113.50,2047.50,-53.4503,18.9822
3185302,-109.50,-157.50,-42.6126,23.1003
3189208,-555.50,-2047.50,-38.6816,30.0513
3193114,-626.50,-1854.50,-43.4561,61.9827
3197020,-244.50,941.50,-50.8000,7.7364
3200926,61.50,2047.50,-59.1007,-65.6645
3204832,-61.50,192.50,-62.2859,-82.9407
3208738,-458.50,-2047.50,-43.9926,-46.0748
3212644,-604.50,-2014.50,-14.4879,6.8098
3216550,-281.50,561.50,-4.6930,-13.8190
3220456,85.50,2047.50,-16.6108,-75.0492
3224362,16.50,602.50,-23.5840,-87.1144
3228268,-431.50,-2047.50,-15.9272,-55.9074
3232174,-626.50,-2047.50,-9.7206,-20.8137
3236080,-345.50,154.50,-14.8965,-13.8679
3239986,67.50,2047.50,-24.4712,-59.4178
3243892,32.50,934.50,-26.8391,-77.1452
3247798,-354.50,-2047.50,-17.0644,-80.0633
3251704,-616.50,-2047.50,-1.5319,-82.0261
3255610,-353.50,-207.50,7.7400,-29.7972
3259516,63.50,2047.50,9.8741,-22.3429
3263422,113.50,1265.50,13.1429,-23.5804
3267328,-301.50,-1835.50,18.3251,-37.7672
3271234,-589.50,-2047.50,20.5706,-59.1933
3275140,-397.50,-603.50,20.5994,-6.2401
3279046,18.50,2047.50,16.8864,5.0324
3282952,115.50,1625.50,8.8476,33.4053
3286858,-236.50,-1487.50,6.7376,50.7712
3290764,-581.50,-2047.50,13.2143,23.2680
3294670,-455.50,-981.50,16.8753,42.6262
3298576,-34.50,2047.50,10.4213,35.6375
3302482,126.50,2000.50,0.4399,107.6700
3306388,-178.50,-1072.50,0.2910,172.7077
3310294,-572.50,-2047.50,8.8919,130.0409
3314200,-512.50,-1310.50,9.7504,93.1840
3318106,-64.50,2047.50,4.0302,71.4408
3322012,161.50,2047.50,6.8401,151.1558
3325918,-129.50,-680.50,15.5383,175.3160
3329824,-546.50,-2047.50,17.3854,106.7783
3333730,-525.50,-1615.50,13.4727,75.6209
3337636,-126.50,1552.50,10.1937,14.8839
3341542,112.50,2047.50,1.3564,9.4317
3345448,-117.50,-306.50,-14.1116,19.7343
3349354,-554.50,-2047.50,-26.2330,21.4178
3353264,-591.50,-1837.50,-30.2434,47.6428
3357170,-177.50,1059.50,-22.2072,-12.1960
3361076,117.50,2047.50,-9.0448,-75.8353
3364982,-58.50,79.50,-5.4145,-80.6052
3368888,-481.50,-2047.50,-6.8638,-40.1065
3372794,-594.50,-2002.50,-4.1649,10.9603
3376700,-251.50,645.50,-2.3667,-28.6517
3380606,98.50,2047.50,-6.8791,-100.9111
3384512,-15.50,431.50,-12.5777,-116.3625
3388418,-436.50,-2047.50,-11.9493,-84.8195
3392324,-624.50,-2047.50,-7.7999,-34.6734
3396230,-304.50,239.50,-7.2234,-28.5122
3400136,121.50,2047.50,-1.9444,-83.2453
3404042,49.50,802.50,11.4955,-103.5355
3407948,-404.50,-2047.50,13.3479,-96.5379
3411854,-650.50,-2047.50,-3.3168,-78.3314
3415760,-334.50,-131.50,-14.3174,-32.7919
3419666,74.50,2047.50,-4.4695,-45.9811
3423572,85.50,1147.50,9.5128,-56.3077
3427478,-310.50,-1948.50,17.0816,-74.6301
3431384,-591.50,-2047.50,23.3626,-96.0958
3435290,-376.50,-513.50,27.6387,-36.2749
3439196,45.50,2047.50,26.5543,-18.3923
3443102,123.50,1520.50,22.5161,6.8900
3447008,-271.50,-1625.50,18.6010,15.6297
3450914,-616.50,-2047.50,11.1327,-14.6755
3454820,-431.50,-872.50,4.7588,18.3497
3458726,-13.50,2047.50,5.4977,23.6275
3462632,154.50,1921.50,10.4339,89.3217
3466538,-165.50,-1232.50,24.9582,142.1652
3470444,-494.50,-2047.50,52.1921,94.5815
3474350,-421.50,-1217.50,76.5942,70.4579
3478256,-15.50,2047.50,77.2211,56.7091
3482162,150.50,2047.50,53.9880,137.3756
3486068,-173.50,-789.50,23.0757,178.8855
3489974,-569.50,-2047.50,-1.1681,121.6901
3493880,-559.50,-1506.50,-15.2504,91.0788
3497786,-153.50,1791.50,-27.4948,57.8078
3501692,87.50,2047.50,-40.2942,94.5768
3505598,-179.50,-459.50,-51.3224,89.0037
3509504,-573.50,-2047.50,-56.3823,36.4876
3513410,-596.50,-1775.50,-49.7025,40.1072
3517316,-197.50,1133.50,-37.9899,-24.2325
3521222,112.50,2047.50,-28.7649,-86.1828
3525128,-86.50,-44.50,-21.6076,-82.0444
3529034,-512.50,-2047.50,-17.1998,-33.3132
3532940,-608.50,-1976.50,-15.6194,19.8925
3536846,-239.50,757.50,-15.6825,-30.3365
3540752,111.50,2047.50,-14.1570,-105.3225
3544658,-25.50,333.50,-9.1701,-113.3090
3548564,-446.50,-2047.50,-2.3873,-70.4487
3552470,-596.50,-2047.50,5.3820,-17.2592
3556376,-254.50,353.50,13.6091,-29.9197
3560282,115.50,2047.50,20.0194,-94.7301
3564188,54.50,666.50,24.1278,-117.4098
3568094,-356.50,-2047.50,31.5711,-105.6161
3572000,-565.50,-2047.50,42.8055,-71.6423
3575906,-285.50,-26.50,49.7221,-30.4277
3579812,107.50,2047.50,47.9241,-56.4176
3583718,101.50,1012.50,42.0508,-77.3314
3587624,-313.50,-2047.50,38.6921,-106.6471
3591530,-570.50,-2047.50,38.7729,-128.3713
3595436,-316.50,-364.50,44.4323,-52.6753
3599342,89.50,2047.50,52.6185,-15.8063
3603248,112.50,1402.50,49.1811,1.8990
3607154,-261.50,-1711.50,35.7755,-4.5360
3611060,-550.50,-2047.50,32.2838,-31.4668
3614966,-379.50,-750.50,40.8398,12.0571
3618872,82.50,2047.50,52.1517,19.7536
3622778,203.50,1840.50,66.9030,75.0600
3626684,-198.50,-1350.50,72.5274,122.0861
3630590,-572.50,-2047.50,54.1283,79.1911
3634496,-442.50,-1100.50,28.9752,65.6857
3638402,-0.50,2047.50,20.0680,53.5647
3642308,149.50,2047.50,21.3426,131.0602
3646214,-176.50,-924.50,16.6452,182.6132
3650120,-552.50,-2047.50,9.0688,127.7436
3654026,-512.50,-1423.50,4.7089,91.3656
3657932,-85.50,1955.50,-0.2785,71.3916
3661838,153.50,2047.50,-2.6251,139.1241
3665744,-112.50,-559.50,1.9653,142.4171
3669650,-529.50,-2047.50,7.4074,70.8944
3673556,-558.50,-1675.50,4.4137,60.4269
3677462,-146.50,1382.50,-6.0658,15.4263
3681368,159.50,2047.50,-9.0491,-9.1823
3685274,-47.50,-178.50,2.3293,-18.0760
3689180,-469.50,-2047.50,17.5757,-12.3029
3693086,-580.50,-1899.50,20.5222,27.1917
3696992,-182.50,887.50,9.8079,-20.8533
3700898,132.50,2047.50,0.5760,-92.7785
3704804,-32.50,192.50,-4.7981,-107.6595
3708710,-457.50,-2047.50,-8.4448,-70.8507
3712616,-584.50,-2047.50,-5.5697,-16.8594
3716522,-244.50,491.50,0.3487,-38.8493
3720428,112.50,2047.50,1.1863,-103.7348
3724334,23.50,547.50,-2.0934,-121.9190
3728240,-378.50,-2047.50,2.0492,-102.0810
3732146,-561.50,-2047.50,17.7554,-57.6427
3736052,-271.50,77.50,31.6655,-32.0073
3739958,111.50,2047.50,31.6814,-76.5049
3743864,79.50,893.50,22.8902,-101.8551
3747770,-349.50,-2047.50,14.5616,-115.4056
3751676,-600.50,-2047.50,7.7106,-112.6710
3755582,-336.50,-281.50,4.7781,-47.4016
3759488,77.50,2047.50,7.8004,-38.3775
3763394,86.50,1222.50,7.7920,-44.1875
3767300,-317.50,-1869.50,-1.2531,-74.2992
3771206,-608.50,-2047.50,-10.8416,-102.2697
3775112,-430.50,-655.50,-16.5874,-32.9838
3779018,-13.50,2047.50,-25.1277,-5.4626
3782924,81.50,1645.50,-35.0396,34.6146
3786830,-269.50,-1495.50,-36.5573,53.1829
3790736,-592.50,-2047.50,-26.4594,16.7487
3794642,-490.50,-988.50,-18.4070,38.4273
3798548,-78.50,2047.50,-28.3466,43.9812
3802454,97.50,2035.50,-43.6254,124.9344
3806360,-244.50,-1108.50,-47.5048,181.2793
3810266,-628.50,-2047.50,-48.6579,116.8254
3814172,-556.50,-1365.50,-53.9624,70.4226
3818078,-120.50,2005.50,-56.5871,47.4536
3821984,103.50,2047.50,-51.0625,127.9457
3825890,-191.50,-716.50,-43.2116,152.1003
3829796,-587.50,-2047.50,-40.6326,80.3298
3833702,-576.50,-1615.50,-40.3017,61.7104
3837608,-144.50,1455.50,-35.6854,8.1658
3841514,121.50,2047.50,-25.7305,-13.0772
3845420,-104.50,-318.50,-16.1974,-8.7743
3849326,-532.50,-2047.50,-11.7218,1.0915
3853232,-562.50,-1839.50,-8.4861,40.8079
3857138,-184.50,979.50,-2.8436,-14.4027
3861044,112.50,2047.50,-2.3514,-89.6764
3864950,-0.50,113.50,0.6930,-91.9012
3868856,-421.50,-2047.50,22.1920,-36.9801
3872762,-666.50,-2042.50,25.1366,13.1407
3876668,-339.50,473.50,-23.1691,-58.9567
3880574,50.50,2047.50,-73.1634,-166.0177
3884480,-68.50,341.50,-83.1337,-182.2387
3888386,-513.50,-2047.50,-76.5093,-140.5289
3892292,-705.50,-2047.50,-77.7796,-66.7219
3896198,-377.50,61.50,-81.7439,-50.9798
3900104,23.50,2047.50,-76.4500,-127.6589
3904010,-47.50,671.50,-69.0557,-161.7767
3907916,-457.50,-2047.50,-69.3760,-162.2106
3911822,-686.50,-2047.50,-68.8490,-123.5068
3915728,-392.50,-262.50,-57.8712,-52.3751
3919634,27.50,2047.50,-38.6869,-67.6282
3923540,63.50,1021.50,-19.4916,-88.5889
3927446,-340.50,-2047.50,-5.0700,-140.6440
3931352,-630.50,-2047.50,1.7098,-176.7169
3935258,-417.50,-584.50,2.0680,-81.4112
3939164,50.50,2047.50,7.8931,-25.7724
3943070,117.50,1409.50,22.1243,4.0807
3946976,-273.50,-1691.50,28.3197,-20.7384
3950882,-588.50,-2047.50,24.7541,-67.6592
3954788,-409.50,-913.50,29.3465,-7.4344
3958694,-10.50,2047.50,37.7870,29.7055
3962600,141.50,1861.50,35.0479,104.7796
3966506,-189.50,-1297.50,30.9880,134.3114
3970412,-561.50,-2047.50,34.0117,65.3559
3974318,-456.50,-1240.50,39.2478,54.6762
3978224,-17.50,2047.50,46.2965,67.4810
3982130,186.50,2047.50,54.0841,166.1634
3986036,-114.50,-811.50,58.6704,206.6036
3989942,-520.50,-2047.50,57.5936,135.2591
3993848,-473.50,-1490.50,55.7692,104.3628
3997754,-58.50,1690.50,58.6952,69.6817
4001660,210.50,2047.50,64.2553,89.9102
4005566,-28.50,-429.50,71.9539,90.9761
4009472,-428.50,-2047.50,83.2380,60.6418
4013378,-479.50,-1743.50,92.6199,74.6288
4017284,-104.50,1168.50,89.0478,23.7723
4021190,171.50,2047.50,70.1502,-28.1433
4025096,-52.50,-82.50,42.3478,-42.5037
4029002,-481.50,-2047.50,16.3049,-25.0213
4032908,-584.50,-1958.50,2.6023,22.5992
4036814,-217.50,706.50,-0.3071,-18.3247
4040720,110.50,2047.50,-1.8177,-93.2519
4044626,-15.50,278.50,-5.6089,-107.7290
4048532,-444.50,-2047.50,-6.5606,-74.8797
4052438,-591.50,-2047.50,-1.5702,-19.7683
4056344,-254.50,322.50,7.5043,-21.7807
4060250,108.50,2047.50,14.0221,-80.7058
4064156,47.50,633.50,14.0251,-102.2163
4068062,-387.50,-2047.50,12.2771,-96.5922
4071968,-610.50,-2047.50,8.9181,-64.9146
4075874,-303.50,-89.50,7.5712,-26.3778
4079780,106.50,2047.50,15.3231,-58.0270
4083686,91.50,979.50,24.3640,-74.8185
4087592,-324.50,-2045.50,25.4476,-100.1098
4091498,-580.50,-2047.50,23.4531,-119.3706
4095404,-337.50,-367.50,27.0554,-36.9473
4099310,78.50,2047.50,33.5821,7.7997
4103216,112.50,1388.50,32.0183,28.6137
4107122,-275.50,-1682.50,21.6100,20.9061
4111028,-588.50,-2047.50,12.9186,-5.5039
4114934,-399.50,-757.50,12.7007,35.3051
4118840,48.50,2047.50,21.1467,40.7248
4122746,173.50,1783.50,34.1777,90.0049
4126652,-175.50,-1344.50,45.8116,123.5731
4130558,-526.50,-2047.50,53.2338,79.7343
4134464,-431.50,-1087.50,53.0306,78.5353
4138370,-26.50,2047.50,39.7093,79.2997
4142276,176.50,2047.50,23.7133,163.0500
4146182,-142.50,-886.50,20.8925,217.1643
4150088,-536.50,-2047.50,24.0955,162.7211
4153994,-470.50,-1390.50,25.5334,123.0099
4157900,-54.50,2016.50,27.7493,114.2806
4161806,185.50,2047.50,29.3668,197.4535
4165712,-73.50,-528.50,31.6557,194.8161
4169618,-470.50,-2047.50,38.0981,106.6174
4173524,-512.50,-1664.50,41.8041,82.2317
4177430,-108.50,1392.50,34.5550,34.0297
4181336,183.50,2047.50,25.7598,14.3618
4185242,-15.50,-142.50,26.6963,11.1748
4189148,-425.50,-2047.50,36.8335,19.1326
4193054,-512.50,-1881.50,47.6624,52.7147
4196960,-136.50,880.50,50.3736,-1.2644
4200866,192.50,2047.50,47.3943,-75.6282
4204772,41.50,225.50,44.7537,-86.7761
4208678,-384.50,-2047.50,44.8263,-44.7101
4212584,-517.50,-2046.50,48.1566,3.1144
4216490,-192.50,511.50,49.9638,-23.5321
4220396,159.50,2047.50,43.5197,-82.9115
4224302,45.50,617.50,28.2103,-88.9086
4228208,-348.50,-2047.50,16.6024,-59.1723
4232114,-552.50,-2047.50,19.3886,-26.3536
4236020,-256.50,133.50,26.1270,-9.7817
4239926,134.50,2047.50,27.2030,-44.5113
4243832,112.50,932.50,26.0545,-65.8332
4247738,-308.50,-2047.50,25.2966,-85.3624
4251644,-595.50,-2047.50,17.4584,-95.3257
4255550,-340.50,-238.50,1.3831,-33.7548
4259456,80.50,2047.50,-7.9092,-14.6528
4263362,126.50,1263.50,-4.7664,-14.6631
4267268,-262.50,-1813.50,3.6867,-37.3310
4271174,-554.50,-2047.50,11.8559,-62.0685
4275080,-367.50,-617.50,17.0879,-1.6566
4278986,57.50,2047.50,17.5158,19.4368
4282892,154.50,1676.50,14.2854,56.6492
4286798,-239.50,-1450.50,5.8227,78.6171
4290704,-590.50,-2047.50,-10.3458,44.7682
4294610,-512.50,-984.50,-34.1392,56.2139
4298516,-58.50,2047.50,-58.7331,51.5136
4302422,122.50,2047.50,-64.5668,130.5970
4306328,-180.50,-1065.50,-48.0271,193.5690
4310234,-528.50,-2047.50,-22.0409,135.8006
4314140,-453.50,-1316.50,3.5476,91.8590
4318046,-31.50,2047.50,18.8668,79.6779
4321952,178.50,2047.50,20.5153,164.5202
4325858,-107.50,-624.50,13.3511,185.8119
4329764,-527.50,-2047.50,2.0780,116.9638
4333670,-533.50,-1603.50,-10.9981,87.7675
4337576,-142.50,1535.50,-24.5920,30.6493
4341482,113.50,2047.50,-38.7035,21.4387
4345388,-100.50,-292.50,-48.6623,19.1038
4349294,-516.50,-2047.50,-48.1738,11.4337
4353200,-591.50,-1841.50,-44.2007,39.2239
4357106,-211.50,993.50,-46.3619,-18.7139
4361012,96.50,2047.50,-52.4954,-89.8339
4364918,-80.50,105.50,-59.3034,-94.5657
4368824,-512.50,-2047.50,-65.7142,-47.1686
4372730,-626.50,-2029.50,-68.1121,3.6917
4376636,-271.50,560.50,-64.3276,-46.7528
4380542,90.50,2047.50,-56.6720,-129.9230
4384448,-47.50,464.50,-54.2493,-135.6659
4388354,-454.50,-2047.50,-58.7800,-88.8403
4392264,-642.50,-2047.50,-60.0102,-34.7524
4396170,-326.50,157.50,-57.0015,-34.3092
4400076,85.50,2047.50,-49.2201,-99.9318
4403982,48.50,839.50,-33.8895,-115.3435
4407888,-388.50,-2047.50,-22.2675,-97.3977
4411794,-642.50,-2047.50,-26.0557,-79.2406
4415700,-386.50,-256.50,-39.9675,-47.9296
4419606,14.50,2047.50,-52.7540,-80.4313
4423512,55.50,1145.50,-56.7518,-86.8116
4427418,-358.50,-1954.50,-51.7510,-94.7963
4431324,-656.50,-2047.50,-49.7593,-112.8683
4435230,-452.50,-608.50,-55.2058,-52.4377
4439136,-18.50,2047.50,-59.4792,-38.3506
4443042,101.50,1562.50,-51.9585,-0.2316
4446948,-282.50,-1572.50,-34.5557,31.0268
4450854,-585.50,-2047.50,-18.7275,8.6380
4454760,-372.50,-920.50,5.2107,32.2767
4458666,-37.50,2047.50,24.9237,27.2382
4462572,38.50,1949.50,-2.0909,95.4171
4466478,-256.50,-1165.50,-51.5904,157.4433
4470384,-607.50,-2047.50,-66.9812,115.0325
4474290,-513.50,-1295.50,-52.0920,77.3988
4478196,-82.50,2047.50,-35.2603,46.6036
4482102,165.50,2047.50,-17.1728,129.4019
4486008,-106.50,-644.50,10.7987,193.6770
4489914,-542.50,-2047.50,29.9428,163.8544
4493820,-527.50,-1577.50,21.5407,121.0098
4497726,-142.50,1584.50,-2.0627,23.6397
4501632,144.50,2047.50,-17.8278,4.6118
4505538,-69.50,-223.50,-9.8844,46.9047
4509444,-464.50,-2047.50,15.5863,91.4885
4513350,-522.50,-1798.50,35.7212,107.5172
4517256,-145.50,1082.50,36.7154,2.8312
4521162,144.50,2047.50,24.2867,-85.2823
4525068,-15.50,97.50,15.2409,-75.7582
4528974,-440.50,-2047.50,18.5140,-7.1001
4532880,-576.50,-1999.50,20.5653,39.6181
4536786,-213.50,620.50,11.5657,-39.7742
4540692,148.50,2047.50,6.5894,-140.1739
4544598,70.50,439.50,20.4387,-135.6799
4548504,-364.50,-2047.50,45.1088,-64.9293
4552410,-560.50,-2047.50,54.8087,-8.6833
4556316,-256.50,196.50,41.3689,-38.3195
4560222,117.50,2047.50,22.3024,-126.2846
4564128,75.50,784.50,13.7423,-135.1403
4568034,-352.50,-2047.50,15.9582,-94.0156
4571940,-593.50,-2047.50,15.6699,-62.4925
4575846,-316.50,-202.50,9.4164,-45.2141
4579752,112.50,2047.50,10.2782,-95.2208
4583658,131.50,1133.50,23.5029,-95.9573
4587564,-277.50,-1945.50,37.3489,-75.6350
4591470,-601.50,-2047.50,33.8432,-78.2269
4595376,-388.50,-559.50,11.7386,-38.5600
4599282,-11.50,2047.50,-15.7151,-51.4675
4603188,93.50,1509.50,-35.6922,-22.2744
4607094,-280.50,-1606.50,-36.3446,18.1646
4611000,-632.50,-2047.50,-30.6192,8.4822
4614906,-473.50,-927.50,-35.6298,21.9301
4618812,-35.50,2047.50,-41.4949,-7.9655
4622718,107.50,1898.50,-38.4924,55.7705
4626624,-242.50,-1218.50,-32.4633,134.9353
4630530,-623.50,-2047.50,-34.1118,109.0864
4634436,-549.50,-1244.50,-46.8004,77.3901
4638342,-125.50,2047.50,-63.3094,40.4699
4642248,100.50,2047.50,-68.3320,119.8895
4646154,-178.50,-760.50,-53.8573,185.3757
4650060,-562.50,-2047.50,-31.3105,148.0377
4653966,-449.50,-1484.50,-1.7187,113.2398
4657872,-60.50,1743.50,34.0278,56.9922
4661778,128.50,2047.50,41.9221,74.0264
4665684,-89.50,-357.50,19.7476,92.6995
4669590,-438.50,-2047.50,16.9282,84.0998
4673496,-431.50,-1742.50,51.7233,87.7342
4677402,-59.50,1208.50,89.5739,9.0618
4681308,299.50,2047.50,112.4239,-51.6049
4685214,163.50,125.50,144.1697,-27.3795
4689120,-270.50,-2047.50,183.0402,48.7960
4693026,-376.50,-1892.50,198.6485,92.6322
4696932,9.50,941.50,194.4576,42.2025
4700838,352.50,2047.50,193.9226,-14.2674
4704744,244.50,535.50,202.7965,-18.9409
4708650,-180.50,-2047.50,215.0927,26.5402
4712556,-335.50,-2047.50,221.9910,42.8022
4716462,-17.50,511.50,219.7534,-3.2339
4720368,347.50,2047.50,211.5934,-53.7058
4724274,287.50,913.50,203.8787,-44.0841
4728180,-161.50,-2024.50,196.8414,3.4845
4732086,-383.50,-2047.50,182.9425,11.7032
4735992,-141.50,-4.50,160.5710,-13.3737
4739898,250.50,2047.50,134.6370,-72.9190
4743804,304.50,1455.50,125.4009,-29.2748
4747710,-84.50,-1494.50,145.7382,143.9511
4751616,-412.50,-2047.50,161.5847,235.4458
4755522,-300.50,-874.50,127.5409,83.3693
4759428,129.50,2047.50,59.3931,-198.7170
4763334,399.50,2047.50,48.6805,-122.9370
4767240,176.50,-79.50,151.3567,408.9632
4771146,-280.50,-2047.50,268.0494,815.6330
4775052,-364.50,-1516.50,246.9822,502.1993
4778958,23.50,1500.50,101.9506,-229.7825
4782864,329.50,2047.50,2.6919,-446.8866
4786770,159.50,192.50,52.0894,51.2579
4790676,-305.50,-2047.50,159.8327,592.0767
4794582,-447.50,-1781.50,163.4556,456.3504
4798488,-95.50,951.50,44.3809,-210.1820
4802394,283.50,2047.50,-50.2459,-538.0781
4806300,176.50,511.50,-7.3640,-143.2001
4810206,-290.50,-2047.50,102.2364,421.8626
4814112,-512.50,-1994.50,119.6403,390.5458
4818018,-197.50,485.50,11.6530,-194.0273
4821924,221.50,2047.50,-87.7149,-563.0907
4825830,197.50,831.50,-57.5313,-250.1691
4829736,-271.50,-1985.50,50.0436,300.3300
4833642,-533.50,-2047.50,84.1893,352.7922
4837548,-255.50,127.50,2.1994,-110.3793
4841454,183.50,2047.50,-85.7464,-477.9654
4845360,177.50,1118.50,-75.6071,-266.1562
4849266,-239.50,-1727.50,4.3512,234.3633
4853172,-534.50,-2047.50,44.6997,367.2579
4857078,-359.50,-269.50,-14.0738,6.4056
4860984,112.50,2047.50,-103.6741,-382.3548
4864890,197.50,1435.50,-108.3290,-254.7066
4868796,-173.50,-1452.50,-25.9258,203.6316
4872702,-514.50,-2047.50,36.9345,379.7655
4876608,-369.50,-642.50,7.4092,92.2671
4880514,62.50,2047.50,-69.8781,-292.1426
4884420,222.50,1788.50,-92.4076,-202.5535
4888326,-112.50,-1135.50,-32.0172,226.8184
4892232,-522.50,-2047.50,24.6486,411.0167
4896138,-482.50,-1026.50,-11.6715,152.8535
4900044,-42.50,2047.50,-107.0977,-225.0790
4903950,189.50,2047.50,-146.8192,-151.9953
4907856,-80.50,-744.50,-88.8034,248.2081
4911762,-512.50,-2047.50,-15.7546,432.9508
4915668,-526.50,-1310.50,-25.3566,209.0811
4919574,-89.50,1985.50,-99.8857,-141.1756
4923480,177.50,2047.50,-138.6343,-117.1809
4927386,-51.50,-392.50,-98.4275,172.6612
4931292,-447.50,-2047.50,-30.8451,338.5586
4935198,-426.50,-1519.50,1.7392,200.1498
4939104,-136.50,1430.50,-23.8993,-134.4405
4943010,75.50,2047.50,-91.7552,-237.0190
4946916,-117.50,-108.50,-141.0859,-34.1136
4950822,-560.50,-2047.50,-144.7230,180.8798
4954728,-766.50,-1884.50,-168.9484,121.8772
4958634,-470.50,679.50,-259.9848,-242.2412
4962540,-216.50,2047.50,-365.3609,-464.0466
4966446,-316.50,74.50,-410.6306,-287.8231
4970352,-821.50,-2047.50,-400.7820,-9.0076
4974258,-1101.50,-2047.50,-427.6322,32.3948
4978164,-768.50,164.50,-517.2092,-248.8758
4982070,-306.50,2047.50,-568.5230,-494.8423
4985976,-366.50,383.50,-522.4710,-360.8672
4989882,-782.50,-2047.50,-440.0024,-92.4090
4993788,-937.50,-2047.50,-386.6498,-11.1695
4997694,-604.50,-117.50,-361.5778,-178.4779
5001600,-160.50,2047.50,-333.5503,-378.0684
5005506,-101.50,793.50,-274.7097,-287.5040
5009412,-473.50,-2047.50,-190.3369,-84.8370
5013318,-737.50,-2047.50,-128.5355,-40.0727
5017224,-512.50,-373.50,-121.9587,-139.6547
5021130,-16.50,2047.50,-131.6695,-272.4184
